{"cameraMode":{"drawMode":0,"name":"Shaded","section":"Shading Mode"},"sceneLighting":true,"audioPlay":false,"sceneViewState":{"m_AlwaysRefresh":false,"showFog":true,"showSkybox":true,"showFlares":true,"showImageEffects":true,"showParticleSystems":true,"showVisualEffectGraphs":true,"m_FxEnabled":true},"in2DMode":false,"pivot":{"x":0.5882272720336914,"y":-0.3750764727592468,"z":-6.699592113494873},"rotation":{"x":-0.04663942754268646,"y":-0.8843088150024414,"z":-0.09051360934972763,"w":0.45566630363464358},"size":0.07275228947401047,"orthographic":false}