{"cameraMode":{"drawMode":0,"name":"Shaded","section":"Shading Mode"},"sceneLighting":false,"audioPlay":false,"sceneViewState":{"m_AlwaysRefresh":false,"showFog":true,"showSkybox":true,"showFlares":true,"showImageEffects":true,"showParticleSystems":true,"showVisualEffectGraphs":true,"m_FxEnabled":false},"in2DMode":false,"pivot":{"x":3.315359592437744,"y":0.5830439329147339,"z":2.2153711318969728},"rotation":{"x":0.09925764799118042,"y":0.4686335623264313,"z":-0.05309777334332466,"w":0.8762795925140381},"size":2.615938663482666,"orthographic":true}