{"cameraMode":{"drawMode":0,"name":"Shaded","section":"Shading Mode"},"sceneLighting":true,"audioPlay":false,"sceneViewState":{"m_AlwaysRefresh":false,"showFog":true,"showSkybox":true,"showFlares":true,"showImageEffects":true,"showParticleSystems":true,"showVisualEffectGraphs":true,"m_FxEnabled":true},"in2DMode":false,"pivot":{"x":-0.8434281349182129,"y":0.07000000029802323,"z":-3.859999895095825},"rotation":{"x":0.060595352202653888,"y":-0.8913187980651856,"z":0.12515200674533845,"w":0.43155455589294436},"size":0.8660253882408142,"orthographic":false}