{"cameraMode":{"drawMode":0,"name":"Shaded","section":"Shading Mode"},"sceneLighting":true,"audioPlay":false,"sceneViewState":{"m_AlwaysRefresh":false,"showFog":true,"showSkybox":true,"showFlares":true,"showImageEffects":true,"showParticleSystems":true,"showVisualEffectGraphs":true,"m_FxEnabled":true},"in2DMode":false,"pivot":{"x":10.472957611083985,"y":-0.19441580772399903,"z":1.6703612804412842},"rotation":{"x":0.09308822453022003,"y":0.49316489696502688,"z":-0.0531545914709568,"w":0.8633310198783875},"size":3.338902711868286,"orthographic":false}