{"cameraMode":{"drawMode":0,"name":"Shaded","section":"Shading Mode"},"sceneLighting":true,"audioPlay":false,"sceneViewState":{"m_AlwaysRefresh":false,"showFog":true,"showSkybox":true,"showFlares":true,"showImageEffects":true,"showParticleSystems":true,"showVisualEffectGraphs":true,"m_FxEnabled":true},"in2DMode":false,"pivot":{"x":-1.0625207424163819,"y":-0.13456296920776368,"z":-3.672769069671631},"rotation":{"x":0.05497124791145325,"y":-0.9394692778587341,"z":0.2859864830970764,"w":0.18058942258358003},"size":0.5660256147384644,"orthographic":false}