{"cameraMode":{"drawMode":0,"name":"Shaded","section":"Shading Mode"},"sceneLighting":true,"audioPlay":false,"sceneViewState":{"m_AlwaysRefresh":false,"showFog":true,"showSkybox":true,"showFlares":true,"showImageEffects":true,"showParticleSystems":true,"showVisualEffectGraphs":true,"m_FxEnabled":false},"in2DMode":false,"pivot":{"x":-3.153670072555542,"y":3.558077335357666,"z":3.9492673873901369},"rotation":{"x":0.20211893320083619,"y":0.22853173315525056,"z":-0.048570066690444949,"w":0.9510928988456726},"size":3.7658603191375734,"orthographic":false}