{"cameraMode":{"drawMode":0,"name":"Shaded","section":"Shading Mode"},"sceneLighting":true,"audioPlay":false,"sceneViewState":{"m_AlwaysRefresh":false,"showFog":true,"showSkybox":true,"showFlares":true,"showImageEffects":true,"showParticleSystems":true,"showVisualEffectGraphs":true,"m_FxEnabled":false},"in2DMode":false,"pivot":{"x":-4.472236633300781,"y":-0.32318949699401858,"z":-1.1047273874282838},"rotation":{"x":0.14960499107837678,"y":-0.7450273036956787,"z":0.17829445004463197,"w":0.6251234412193298},"size":2.2341392040252687,"orthographic":false}