{"cameraMode":{"drawMode":0,"name":"Shaded","section":"Shading Mode"},"sceneLighting":false,"audioPlay":false,"sceneViewState":{"m_AlwaysRefresh":false,"showFog":true,"showSkybox":true,"showFlares":true,"showImageEffects":true,"showParticleSystems":true,"showVisualEffectGraphs":true,"m_FxEnabled":false},"in2DMode":false,"pivot":{"x":6.190296173095703,"y":1.1305959224700928,"z":0.33756065368652346},"rotation":{"x":0.1573401838541031,"y":0.3292754590511322,"z":-0.05573371797800064,"w":0.9294017553329468},"size":0.4524269104003906,"orthographic":true}