{"cameraMode":{"drawMode":0,"name":"Shaded","section":"Shading Mode"},"sceneLighting":false,"audioPlay":false,"sceneViewState":{"m_AlwaysRefresh":false,"showFog":true,"showSkybox":true,"showFlares":true,"showImageEffects":true,"showParticleSystems":true,"showVisualEffectGraphs":true,"m_FxEnabled":false},"in2DMode":false,"pivot":{"x":-1.0901789665222169,"y":0.6257597804069519,"z":-4.592656135559082},"rotation":{"x":0.019885608926415445,"y":-0.9464210271835327,"z":0.059420306235551837,"w":0.3168906271457672},"size":1.6345502138137818,"orthographic":true}