{"cameraMode":{"drawMode":0,"name":"Shaded","section":"Shading Mode"},"sceneLighting":true,"audioPlay":false,"sceneViewState":{"m_AlwaysRefresh":false,"showFog":true,"showSkybox":true,"showFlares":true,"showImageEffects":true,"showParticleSystems":true,"showVisualEffectGraphs":true,"m_FxEnabled":true},"in2DMode":false,"pivot":{"x":2.46553635597229,"y":1.0630444288253785,"z":-1.0756460428237916},"rotation":{"x":0.029001383110880853,"y":-0.959181010723114,"z":0.10690847039222717,"w":0.2601998746395111},"size":1.8701952695846558,"orthographic":true}